<?xml version="1.0" encoding="UTF-8"?>
<project-private xmlns="http://www.netbeans.org/ns/project-private/1">
    <editor-bookmarks xmlns="http://www.netbeans.org/ns/editor-bookmarks/2" lastBookmarkId="0"/>
    <open-files xmlns="http://www.netbeans.org/ns/projectui-open-files/2">
        <group>
            <file>file:/C:/Users/Erik/Desktop/data%20structures/class12ds/src/class12ds/swap.java</file>
            <file>file:/C:/Users/Erik/Desktop/data%20structures/class12ds/src/class12ds/pass.java</file>
            <file>file:/C:/Users/Erik/Desktop/data%20structures/class12ds/src/class12ds/Class12ds.java</file>
            <file>file:/C:/Users/Erik/Desktop/data%20structures/class12ds/src/class12ds/makearr.java</file>
            <file>file:/C:/Users/Erik/Desktop/data%20structures/class12ds/src/class12ds/plot.java</file>
            <file>file:/C:/Users/Erik/Desktop/data%20structures/class12ds/src/class12ds/compare.java</file>
        </group>
    </open-files>
</project-private>
